id,name,party,democrat,republican,third,democrat_win,republican_win,third_win,winner
AL_1,Alabama,6,35.72,64.28,0.01,0.2,99.8,0.0,R
AL_2,Alabama,6,35.44,64.56,0.0,0.2,99.8,0.0,R
AL_3,Alabama,6,35.67,64.33,0.0,0.0,100.0,0.0,R
AL_4,Alabama,6,19.85,80.15,0.0,0.0,100.0,0.0,R
AL_5,Alabama,6,35.91,64.08,0.01,0.2,99.8,0.0,R
AL_6,Alabama,6,35.58,64.42,0.0,0.0,100.0,0.0,R
AL_7,Alabama,1,63.49,36.51,0.01,99.5,0.5,0.0,D
AK,Alaska,5,45.7,54.3,0.0,17.9,82.1,0.0,R
AZ_1,Arizona,3,51.39,48.6,0.01,57.6,42.4,0.0,D
AZ_2,Arizona,5,45.67,54.33,0.0,16.4,83.6,0.0,R
AZ_3,Arizona,1,63.41,36.59,0.01,100.0,0.0,0.0,D
AZ_4,Arizona,6,31.65,68.34,0.01,0.0,100.0,0.0,R
AZ_5,Arizona,6,39.73,60.26,0.0,1.6,98.4,0.0,R
AZ_6,Arizona,5,45.63,54.37,0.0,15.8,84.2,0.0,R
AZ_7,Arizona,1,84.9,15.1,0.0,100.0,0.0,0.0,D
AZ_8,Arizona,5,45.7,54.3,0.0,16.5,83.5,0.0,R
AZ_9,Arizona,1,59.57,40.43,0.0,95.8,4.2,0.0,D
AR_1,Arkansas,6,39.6,60.39,0.01,1.2,98.8,0.0,R
AR_2,Arkansas,6,39.67,60.33,0.01,1.4,98.6,0.0,R
AR_3,Arkansas,6,39.74,60.25,0.0,1.8,98.2,0.0,R
AR_4,Arkansas,6,39.66,60.34,0.01,1.0,99.0,0.0,R
CA_1,California,6,44.46,55.53,0.01,11.3,88.7,0.0,R
CA_2,California,1,76.72,23.27,0.0,100.0,0.0,0.0,D
CA_3,California,1,57.45,42.55,0.01,90.6,9.4,0.0,D
CA_4,California,6,44.63,55.36,0.01,11.6,88.4,0.0,R
CA_5,California,1,79.67,20.32,0.01,100.0,0.0,0.0,D
CA_6,California,1,79.8,20.19,0.0,100.0,0.0,0.0,D
CA_7,California,2,54.7,45.28,0.01,79.4,20.6,0.0,D
CA_8,California,6,39.51,60.48,0.01,1.6,98.4,0.0,R
CA_9,California,1,55.82,44.18,0.01,86.8,13.2,0.0,D
CA_10,California,3,51.62,48.38,0.0,58.5,41.5,0.0,D
CA_11,California,1,74.73,25.26,0.01,100.0,0.0,0.0,D
CA_12,California,1,84.79,15.21,0.0,100.0,0.0,0.0,D
CA_13,California,1,87.95,12.04,0.0,100.0,0.0,0.0,D
CA_14,California,1,79.75,20.25,0.01,100.0,0.0,0.0,D
CA_15,California,1,74.9,25.1,0.0,100.0,0.0,0.0,D
CA_16,California,1,57.06,42.93,0.01,91.0,9.0,0.0,D
CA_17,California,1,74.66,25.34,0.0,100.0,0.0,0.0,D
CA_18,California,1,74.82,25.18,0.0,100.0,0.0,0.0,D
CA_19,California,1,74.68,25.31,0.01,100.0,0.0,0.0,D
CA_20,California,1,80.7,19.29,0.0,100.0,0.0,0.0,D
CA_21,California,4,49.6,50.4,0.0,44.0,56.0,0.0,R
CA_22,California,2,52.8,47.2,0.0,67.5,32.5,0.0,D
CA_23,California,6,34.32,65.68,0.0,0.1,99.9,0.0,R
CA_24,California,1,57.63,42.37,0.0,91.7,8.3,0.0,D
CA_25,California,2,53.48,46.51,0.01,73.6,26.4,0.0,D
CA_26,California,1,61.4,38.6,0.0,98.3,1.7,0.0,D
CA_27,California,1,79.8,20.2,0.01,100.0,0.0,0.0,D
CA_28,California,1,77.91,22.08,0.0,100.0,0.0,0.0,D
CA_29,California,1,79.89,20.11,0.01,100.0,0.0,0.0,D
CA_30,California,1,69.64,30.35,0.0,100.0,0.0,0.0,D
CA_31,California,1,57.74,42.26,0.01,93.1,6.9,0.0,D
CA_32,California,1,69.51,30.48,0.01,100.0,0.0,0.0,D
CA_33,California,1,69.62,30.37,0.01,100.0,0.0,0.0,D
CA_34,California,1,72.93,27.06,0.01,100.0,0.0,0.0,D
CA_35,California,1,69.95,30.05,0.01,100.0,0.0,0.0,D
CA_36,California,1,59.67,40.33,0.01,97.5,2.5,0.0,D
CA_37,California,1,89.86,10.13,0.01,100.0,0.0,0.0,D
CA_38,California,1,69.53,30.46,0.01,100.0,0.0,0.0,D
CA_39,California,3,51.73,48.27,0.0,61.0,39.0,0.0,D
CA_40,California,1,76.51,23.49,0.01,100.0,0.0,0.0,D
CA_41,California,1,64.49,35.51,0.0,100.0,0.0,0.0,D
CA_42,California,6,39.64,60.36,0.0,1.2,98.8,0.0,R
CA_43,California,1,76.56,23.44,0.0,100.0,0.0,0.0,D
CA_44,California,1,67.78,32.21,0.01,100.0,0.0,0.0,D
CA_45,California,3,51.41,48.59,0.01,57.8,42.2,0.0,D
CA_46,California,1,69.61,30.38,0.01,100.0,0.0,0.0,D
CA_47,California,1,64.84,35.15,0.01,99.7,0.3,0.0,D
CA_48,California,2,52.53,47.47,0.0,66.0,34.0,0.0,D
CA_49,California,1,55.57,44.43,0.0,84.9,15.1,0.0,D
CA_50,California,4,48.75,51.24,0.01,36.1,63.9,0.0,R
CA_51,California,1,69.62,30.38,0.0,100.0,0.0,0.0,D
CA_52,California,1,64.58,35.42,0.0,99.8,0.2,0.0,D
CA_53,California,1,70.06,29.93,0.01,100.0,0.0,0.0,D
CO_1,Colorado,1,74.67,25.32,0.0,100.0,0.0,0.0,D
CO_2,Colorado,1,59.42,40.57,0.01,95.9,4.1,0.0,D
CO_3,Colorado,6,44.63,55.36,0.01,11.9,88.1,0.0,R
CO_4,Colorado,6,29.7,70.29,0.01,0.0,100.0,0.0,R
CO_5,Colorado,6,39.7,60.3,0.0,1.6,98.4,0.0,R
CO_6,Colorado,6,42.63,57.36,0.01,6.7,93.3,0.0,R
CO_7,Colorado,6,39.73,60.26,0.01,1.8,98.2,0.0,R
CT_1,Connecticut,1,61.66,38.33,0.0,98.7,1.3,0.0,D
CT_2,Connecticut,1,61.7,38.3,0.01,99.1,0.9,0.0,D
CT_3,Connecticut,1,61.61,38.39,0.0,99.0,1.0,0.0,D
CT_4,Connecticut,1,61.82,38.17,0.01,99.2,0.8,0.0,D
CT_5,Connecticut,2,54.81,45.19,0.0,80.7,19.3,0.0,D
DE,Delaware,1,64.31,35.69,0.0,100.0,0.0,0.0,D
FL_1,Florida,6,32.6,67.39,0.0,0.0,100.0,0.0,R
FL_2,Florida,6,32.62,67.37,0.01,0.0,100.0,0.0,R
FL_3,Florida,6,44.52,55.48,0.01,11.5,88.5,0.0,R
FL_4,Florida,6,32.62,67.37,0.01,0.0,100.0,0.0,R
FL_5,Florida,1,66.72,33.27,0.01,99.9,0.1,0.0,D
FL_6,Florida,1,59.36,40.63,0.0,95.6,4.4,0.0,D
FL_7,Florida,1,56.82,43.17,0.01,88.9,11.1,0.0,D
FL_8,Florida,6,39.55,60.45,0.01,1.3,98.7,0.0,R
FL_9,Florida,1,59.62,40.38,0.01,95.4,4.6,0.0,D
FL_10,Florida,1,89.71,10.29,0.0,100.0,0.0,0.0,D
FL_11,Florida,6,34.67,65.32,0.01,0.0,100.0,0.0,R
FL_12,Florida,6,39.65,60.34,0.01,1.8,98.2,0.0,R
FL_13,Florida,1,59.64,40.36,0.0,96.5,3.5,0.0,D
FL_14,Florida,1,89.73,10.27,0.01,100.0,0.0,0.0,D
FL_15,Florida,6,44.89,55.11,0.0,13.6,86.4,0.0,R
FL_16,Florida,6,44.9,55.1,0.0,13.1,86.9,0.0,R
FL_17,Florida,6,34.35,65.64,0.01,0.0,100.0,0.0,R
FL_18,Florida,6,44.51,55.48,0.01,11.6,88.4,0.0,R
FL_19,Florida,6,34.78,65.22,0.01,0.0,100.0,0.0,R
FL_20,Florida,1,89.88,10.11,0.01,100.0,0.0,0.0,D
FL_21,Florida,1,89.76,10.24,0.0,100.0,0.0,0.0,D
FL_22,Florida,1,61.86,38.14,0.0,98.8,1.2,0.0,D
FL_23,Florida,1,59.58,40.41,0.01,97.2,2.8,0.0,D
FL_24,Florida,1,90.01,9.99,0.01,100.0,0.0,0.0,D
FL_25,Florida,6,39.74,60.26,0.0,1.8,98.2,0.0,R
FL_26,Florida,4,49.82,50.18,0.0,43.9,56.1,0.0,R
FL_27,Florida,3,51.67,48.32,0.0,59.7,40.3,0.0,D
GA_1,Georgia,6,39.52,60.48,0.0,1.1,98.9,0.0,R
GA_2,Georgia,1,59.52,40.47,0.01,96.4,3.6,0.0,D
GA_3,Georgia,6,39.38,60.62,0.01,1.1,98.9,0.0,R
GA_4,Georgia,1,77.95,22.04,0.01,100.0,0.0,0.0,D
GA_5,Georgia,1,90.08,9.91,0.0,100.0,0.0,0.0,D
GA_6,Georgia,4,49.39,50.6,0.01,40.1,59.9,0.0,R
GA_7,Georgia,4,49.51,50.48,0.0,43.0,57.0,0.0,R
GA_8,Georgia,6,10.0,90.0,0.01,0.0,100.0,0.0,R
GA_9,Georgia,6,29.91,70.08,0.01,0.0,100.0,0.0,R
GA_10,Georgia,6,36.62,63.38,0.0,0.2,99.8,0.0,R
GA_11,Georgia,6,37.85,62.15,0.01,0.6,99.4,0.0,R
GA_12,Georgia,6,39.58,60.41,0.01,1.4,98.6,0.0,R
GA_13,Georgia,1,74.82,25.17,0.0,100.0,0.0,0.0,D
GA_14,Georgia,6,24.9,75.09,0.01,0.0,100.0,0.0,R
HI_1,Hawaii,1,74.58,25.41,0.01,100.0,0.0,0.0,D
HI_2,Hawaii,1,74.21,25.79,0.0,100.0,0.0,0.0,D
ID_1,Idaho,6,34.68,65.31,0.01,0.0,100.0,0.0,R
ID_2,Idaho,6,34.8,65.2,0.0,0.0,100.0,0.0,R
IL_1,Illinois,1,69.7,30.29,0.0,100.0,0.0,0.0,D
IL_2,Illinois,1,79.67,20.33,0.01,100.0,0.0,0.0,D
IL_3,Illinois,1,69.59,30.4,0.0,100.0,0.0,0.0,D
IL_4,Illinois,1,84.82,15.18,0.0,100.0,0.0,0.0,D
IL_5,Illinois,1,74.67,25.33,0.0,100.0,0.0,0.0,D
IL_6,Illinois,2,54.46,45.53,0.01,79.1,20.9,0.0,D
IL_7,Illinois,1,84.63,15.37,0.0,100.0,0.0,0.0,D
IL_8,Illinois,1,64.73,35.27,0.0,100.0,0.0,0.0,D
IL_9,Illinois,1,74.68,25.32,0.0,100.0,0.0,0.0,D
IL_10,Illinois,1,64.93,35.06,0.01,99.8,0.2,0.0,D
IL_11,Illinois,1,64.72,35.28,0.01,99.7,0.3,0.0,D
IL_12,Illinois,5,47.03,52.97,0.0,25.1,74.9,0.0,R
IL_13,Illinois,4,49.69,50.3,0.01,44.3,55.7,0.0,R
IL_14,Illinois,2,52.51,47.48,0.01,65.9,34.1,0.0,D
IL_15,Illinois,6,29.75,70.24,0.0,0.0,100.0,0.0,R
IL_16,Illinois,6,39.95,60.05,0.0,1.3,98.7,0.0,R
IL_17,Illinois,1,61.55,38.44,0.0,98.5,1.5,0.0,D
IL_18,Illinois,6,34.63,65.37,0.0,0.1,99.9,0.0,R
IN_1,Indiana,1,64.61,35.39,0.0,99.9,0.1,0.0,D
IN_2,Indiana,6,44.37,55.63,0.0,10.9,89.1,0.0,R
IN_3,Indiana,6,34.73,65.27,0.0,0.0,100.0,0.0,R
IN_4,Indiana,6,34.54,65.46,0.0,0.0,100.0,0.0,R
IN_5,Indiana,6,44.7,55.29,0.01,11.3,88.7,0.0,R
IN_6,Indiana,6,34.53,65.46,0.01,0.1,99.9,0.0,R
IN_7,Indiana,1,64.77,35.23,0.0,99.8,0.2,0.0,D
IN_8,Indiana,6,34.73,65.27,0.0,0.2,99.8,0.0,R
IN_9,Indiana,6,44.56,55.44,0.01,11.8,88.2,0.0,R
IA_1,Iowa,4,49.65,50.35,0.01,42.6,57.4,0.0,R
IA_2,Iowa,2,53.48,46.51,0.01,72.8,27.2,0.0,D
IA_3,Iowa,4,49.74,50.26,0.0,45.4,54.6,0.0,R
IA_4,Iowa,4,49.68,50.32,0.0,44.8,55.2,0.0,R
KS_1,Kansas,6,29.47,70.53,0.0,0.0,100.0,0.0,R
KS_2,Kansas,4,49.49,50.51,0.0,42.6,57.4,0.0,R
KS_3,Kansas,2,54.66,45.34,0.01,79.4,20.6,0.0,D
KS_4,Kansas,6,39.95,60.04,0.01,1.7,98.3,0.0,R
KY_1,Kentucky,6,29.71,70.29,0.01,0.0,100.0,0.0,R
KY_2,Kentucky,6,29.73,70.26,0.01,0.0,100.0,0.0,R
KY_3,Kentucky,1,59.6,40.39,0.01,97.1,2.9,0.0,D
KY_4,Kentucky,6,34.63,65.36,0.01,0.0,100.0,0.0,R
KY_5,Kentucky,6,19.78,80.22,0.0,0.0,100.0,0.0,R
KY_6,Kentucky,4,47.55,52.45,0.01,27.8,72.2,0.0,R
LA_1,Louisiana,6,29.74,70.25,0.01,0.0,100.0,0.0,R
LA_2,Louisiana,1,79.8,20.2,0.0,100.0,0.0,0.0,D
LA_3,Louisiana,6,29.89,70.1,0.0,0.0,100.0,0.0,R
LA_4,Louisiana,6,29.67,70.32,0.01,0.0,100.0,0.0,R
LA_5,Louisiana,6,29.86,70.14,0.0,0.0,100.0,0.0,R
LA_6,Louisiana,6,29.54,70.45,0.01,0.0,100.0,0.0,R
ME_1,Maine,1,57.55,42.44,0.01,92.8,7.2,0.0,D
ME_2,Maine,4,49.54,50.46,0.01,41.6,58.4,0.0,R
MD_1,Maryland,6,39.36,60.63,0.0,1.1,98.9,0.0,R
MD_2,Maryland,1,64.67,35.33,0.0,99.7,0.3,0.0,D
MD_3,Maryland,1,64.53,35.47,0.01,99.8,0.2,0.0,D
MD_4,Maryland,1,79.65,20.34,0.01,100.0,0.0,0.0,D
MD_5,Maryland,1,69.75,30.24,0.01,100.0,0.0,0.0,D
MD_6,Maryland,1,59.4,40.6,0.0,96.3,3.7,0.0,D
MD_7,Maryland,1,74.82,25.18,0.01,100.0,0.0,0.0,D
MD_8,Maryland,1,69.56,30.44,0.0,100.0,0.0,0.0,D
MA_1,Massachusetts,1,89.91,10.09,0.0,100.0,0.0,0.0,D
MA_2,Massachusetts,1,64.44,35.56,0.01,99.8,0.2,0.0,D
MA_3,Massachusetts,1,62.58,37.42,0.0,99.6,0.4,0.0,D
MA_4,Massachusetts,1,89.84,10.15,0.01,100.0,0.0,0.0,D
MA_5,Massachusetts,1,74.57,25.42,0.01,100.0,0.0,0.0,D
MA_6,Massachusetts,1,64.74,35.26,0.0,99.8,0.2,0.0,D
MA_7,Massachusetts,1,89.8,10.2,0.01,100.0,0.0,0.0,D
MA_8,Massachusetts,1,89.87,10.13,0.01,100.0,0.0,0.0,D
MA_9,Massachusetts,1,59.84,40.15,0.0,95.9,4.1,0.0,D
MI_1,Michigan,6,44.54,55.45,0.01,11.3,88.7,0.0,R
MI_2,Michigan,6,44.87,55.12,0.01,12.9,87.1,0.0,R
MI_3,Michigan,6,44.69,55.3,0.0,12.1,87.9,0.0,R
MI_4,Michigan,6,34.63,65.36,0.0,0.0,100.0,0.0,R
MI_5,Michigan,1,59.7,40.29,0.01,96.0,4.0,0.0,D
MI_6,Michigan,4,47.77,52.23,0.0,29.2,70.8,0.0,R
MI_7,Michigan,5,45.82,54.17,0.01,17.1,82.9,0.0,R
MI_8,Michigan,3,50.45,49.55,0.01,49.2,50.8,0.0,D
MI_9,Michigan,1,59.41,40.58,0.01,96.9,3.1,0.0,D
MI_10,Michigan,6,39.87,60.12,0.0,1.6,98.4,0.0,R
MI_11,Michigan,3,51.5,48.5,0.0,57.3,42.7,0.0,D
MI_12,Michigan,1,69.59,30.4,0.01,100.0,0.0,0.0,D
MI_13,Michigan,1,84.75,15.24,0.01,100.0,0.0,0.0,D
MI_14,Michigan,1,79.6,20.4,0.01,100.0,0.0,0.0,D
MN_1,Minnesota,4,49.61,50.39,0.0,42.8,57.2,0.0,R
MN_2,Minnesota,2,52.68,47.31,0.01,65.4,34.6,0.0,D
MN_3,Minnesota,2,54.45,45.54,0.0,79.2,20.8,0.0,D
MN_4,Minnesota,1,65.42,34.58,0.01,99.9,0.1,0.0,D
MN_5,Minnesota,1,79.76,20.23,0.01,100.0,0.0,0.0,D
MN_6,Minnesota,6,39.96,60.04,0.01,1.6,98.4,0.0,R
MN_7,Minnesota,3,52.42,47.57,0.0,65.3,34.7,0.0,D
MN_8,Minnesota,6,44.22,55.78,0.0,9.9,90.1,0.0,R
MS_1,Mississippi,6,34.64,65.36,0.01,0.1,99.9,0.0,R
MS_2,Mississippi,1,69.35,30.65,0.0,100.0,0.0,0.0,D
MS_3,Mississippi,6,34.82,65.18,0.0,0.1,99.9,0.0,R
MS_4,Mississippi,6,30.02,69.97,0.01,0.0,100.0,0.0,R
MO_1,Missouri,1,79.94,20.06,0.01,100.0,0.0,0.0,D
MO_2,Missouri,4,47.68,52.31,0.0,29.8,70.2,0.0,R
MO_3,Missouri,6,34.74,65.25,0.0,0.0,100.0,0.0,R
MO_4,Missouri,6,34.84,65.16,0.01,0.0,100.0,0.0,R
MO_5,Missouri,1,59.58,40.42,0.01,96.3,3.7,0.0,D
MO_6,Missouri,6,34.56,65.44,0.01,0.0,100.0,0.0,R
MO_7,Missouri,6,29.75,70.25,0.0,0.0,100.0,0.0,R
MO_8,Missouri,6,24.81,75.19,0.01,0.0,100.0,0.0,R
MT,Montana,6,43.62,56.37,0.01,7.8,92.2,0.0,R
NE_1,Nebraska,6,39.42,60.57,0.01,1.2,98.8,0.0,R
NE_2,Nebraska,4,48.45,51.55,0.0,34.9,65.1,0.0,R
NE_3,Nebraska,6,24.67,75.33,0.01,0.0,100.0,0.0,R
NV_1,Nevada,1,64.78,35.21,0.01,99.8,0.2,0.0,D
NV_2,Nevada,6,42.68,57.31,0.01,6.0,94.0,0.0,R
NV_3,Nevada,3,50.52,49.47,0.01,50.8,49.2,0.0,D
NV_4,Nevada,3,50.65,49.35,0.0,52.8,47.2,0.0,D
NH_1,New Hampshire,2,54.71,45.28,0.01,80.8,19.2,0.0,D
NH_2,New Hampshire,2,54.23,45.76,0.01,77.4,22.6,0.0,D
NJ_1,New Jersey,1,64.6,35.39,0.01,100.0,0.0,0.0,D
NJ_2,New Jersey,2,54.57,45.42,0.0,78.9,21.1,0.0,D
NJ_3,New Jersey,3,50.63,49.37,0.01,50.6,49.4,0.0,D
NJ_4,New Jersey,6,44.8,55.19,0.01,12.8,87.2,0.0,R
NJ_5,New Jersey,2,54.73,45.26,0.0,83.1,16.9,0.0,D
NJ_6,New Jersey,1,64.52,35.48,0.01,99.8,0.2,0.0,D
NJ_7,New Jersey,3,50.74,49.26,0.0,52.9,47.1,0.0,D
NJ_8,New Jersey,1,77.81,22.19,0.01,100.0,0.0,0.0,D
NJ_9,New Jersey,1,69.67,30.32,0.01,100.0,0.0,0.0,D
NJ_10,New Jersey,1,84.82,15.17,0.01,100.0,0.0,0.0,D
NJ_11,New Jersey,2,54.77,45.23,0.0,81.0,19.0,0.0,D
NJ_12,New Jersey,1,69.82,30.18,0.0,100.0,0.0,0.0,D
NM_1,New Mexico,1,60.11,39.89,0.01,97.1,2.9,0.0,D
NM_2,New Mexico,4,49.63,50.37,0.0,43.9,56.1,0.0,R
NM_3,New Mexico,1,64.81,35.18,0.01,99.9,0.1,0.0,D
NY_1,New York,5,47.4,52.6,0.0,27.0,73.0,0.0,R
NY_2,New York,5,46.62,53.37,0.01,21.6,78.4,0.0,R
NY_3,New York,1,59.73,40.27,0.0,97.0,3.0,0.0,D
NY_4,New York,1,59.84,40.15,0.01,96.3,3.7,0.0,D
NY_5,New York,1,89.81,10.19,0.0,100.0,0.0,0.0,D
NY_6,New York,1,89.86,10.13,0.01,100.0,0.0,0.0,D
NY_7,New York,1,94.96,5.04,0.0,100.0,0.0,0.0,D
NY_8,New York,1,94.9,5.09,0.0,100.0,0.0,0.0,D
NY_9,New York,1,90.02,9.98,0.01,100.0,0.0,0.0,D
NY_10,New York,1,84.94,15.05,0.01,100.0,0.0,0.0,D
NY_11,New York,2,54.58,45.41,0.01,78.6,21.4,0.0,D
NY_12,New York,1,84.97,15.03,0.01,100.0,0.0,0.0,D
NY_13,New York,1,94.9,5.09,0.01,100.0,0.0,0.0,D
NY_14,New York,1,79.84,20.16,0.01,100.0,0.0,0.0,D
NY_15,New York,1,94.78,5.21,0.01,100.0,0.0,0.0,D
NY_16,New York,1,89.83,10.16,0.01,100.0,0.0,0.0,D
NY_17,New York,1,89.77,10.23,0.01,100.0,0.0,0.0,D
NY_18,New York,2,54.91,45.08,0.01,81.8,18.2,0.0,D
NY_19,New York,3,51.52,48.48,0.0,58.1,41.9,0.0,D
NY_20,New York,1,64.57,35.43,0.01,99.6,0.4,0.0,D
NY_21,New York,6,44.2,55.79,0.01,11.2,88.8,0.0,R
NY_22,New York,4,49.62,50.37,0.0,44.4,55.6,0.0,R
NY_23,New York,6,44.71,55.28,0.01,12.8,87.2,0.0,R
NY_24,New York,5,46.58,53.42,0.0,21.7,78.3,0.0,R
NY_25,New York,1,59.67,40.32,0.01,97.4,2.6,0.0,D
NY_26,New York,1,66.53,33.46,0.0,100.0,0.0,0.0,D
NY_27,New York,4,48.6,51.4,0.0,34.2,65.8,0.0,R
NC_1,North Carolina,1,69.74,30.25,0.01,100.0,0.0,0.0,D
NC_2,North Carolina,5,46.66,53.34,0.0,20.7,79.3,0.0,R
NC_3,North Carolina,6,9.76,90.23,0.01,0.0,100.0,0.0,R
NC_4,North Carolina,1,74.99,25.01,0.01,100.0,0.0,0.0,D
NC_5,North Carolina,6,44.76,55.23,0.01,11.0,89.0,0.0,R
NC_6,North Carolina,6,44.62,55.37,0.01,10.7,89.3,0.0,R
NC_7,North Carolina,6,44.57,55.42,0.0,11.8,88.2,0.0,R
NC_8,North Carolina,5,45.07,54.93,0.01,13.0,87.0,0.0,R
NC_9,North Carolina,4,48.66,51.34,0.01,35.7,64.3,0.0,R
NC_10,North Carolina,6,40.1,59.9,0.01,1.6,98.4,0.0,R
NC_11,North Carolina,6,39.58,60.42,0.0,1.5,98.5,0.0,R
NC_12,North Carolina,1,74.67,25.32,0.0,100.0,0.0,0.0,D
NC_13,North Carolina,6,44.72,55.26,0.01,12.9,87.1,0.0,R
ND,North Dakota,6,34.53,65.46,0.01,0.0,100.0,0.0,R
OH_1,Ohio,4,47.64,52.35,0.01,28.9,71.1,0.0,R
OH_2,Ohio,6,39.46,60.53,0.0,1.4,98.6,0.0,R
OH_3,Ohio,1,74.75,25.25,0.0,100.0,0.0,0.0,D
OH_4,Ohio,6,34.71,65.29,0.01,0.1,99.9,0.0,R
OH_5,Ohio,6,34.61,65.39,0.01,0.1,99.9,0.0,R
OH_6,Ohio,6,29.6,70.39,0.01,0.0,100.0,0.0,R
OH_7,Ohio,6,40.4,59.6,0.0,2.1,97.9,0.0,R
OH_8,Ohio,6,34.56,65.43,0.01,0.1,99.9,0.0,R
OH_9,Ohio,1,64.75,35.25,0.0,99.7,0.3,0.0,D
OH_10,Ohio,6,42.72,57.28,0.01,6.5,93.5,0.0,R
OH_11,Ohio,1,82.01,17.99,0.0,100.0,0.0,0.0,D
OH_12,Ohio,5,46.8,53.2,0.0,21.0,79.0,0.0,R
OH_13,Ohio,1,60.73,39.27,0.0,98.0,2.0,0.0,D
OH_14,Ohio,2,54.59,45.4,0.0,79.8,20.2,0.0,D
OH_15,Ohio,6,39.9,60.1,0.0,1.7,98.3,0.0,R
OH_16,Ohio,6,44.76,55.23,0.01,12.4,87.6,0.0,R
OK_1,Oklahoma,6,39.67,60.33,0.0,1.4,98.6,0.0,R
OK_2,Oklahoma,6,39.62,60.37,0.01,1.8,98.2,0.0,R
OK_3,Oklahoma,6,24.75,75.24,0.01,0.0,100.0,0.0,R
OK_4,Oklahoma,6,34.76,65.23,0.01,0.2,99.8,0.0,R
OK_5,Oklahoma,4,48.78,51.21,0.01,37.8,62.2,0.0,R
OR_1,Oregon,1,64.64,35.35,0.01,99.5,0.5,0.0,D
OR_2,Oregon,6,39.92,60.08,0.0,1.7,98.3,0.0,R
OR_3,Oregon,1,74.61,25.39,0.01,100.0,0.0,0.0,D
OR_4,Oregon,2,54.49,45.51,0.0,79.0,21.0,0.0,D
OR_5,Oregon,2,54.84,45.16,0.01,82.5,17.5,0.0,D
PA_1,Pennsylvania,4,47.78,52.21,0.01,29.8,70.2,0.0,R
PA_2,Pennsylvania,1,79.71,20.28,0.01,100.0,0.0,0.0,D
PA_3,Pennsylvania,1,95.02,4.97,0.0,100.0,0.0,0.0,D
PA_4,Pennsylvania,1,64.67,35.33,0.0,100.0,0.0,0.0,D
PA_5,Pennsylvania,1,64.79,35.2,0.0,99.9,0.1,0.0,D
PA_6,Pennsylvania,1,59.43,40.56,0.01,95.6,4.4,0.0,D
PA_7,Pennsylvania,2,54.41,45.59,0.01,78.7,21.3,0.0,D
PA_8,Pennsylvania,2,54.75,45.25,0.0,78.2,21.8,0.0,D
PA_9,Pennsylvania,6,39.73,60.26,0.01,1.0,99.0,0.0,R
PA_10,Pennsylvania,5,47.42,52.57,0.0,27.1,72.9,0.0,R
PA_11,Pennsylvania,6,39.63,60.37,0.0,1.6,98.4,0.0,R
PA_12,Pennsylvania,6,34.65,65.34,0.01,0.0,100.0,0.0,R
PA_13,Pennsylvania,6,29.73,70.26,0.01,0.0,100.0,0.0,R
PA_14,Pennsylvania,6,44.74,55.25,0.01,12.0,88.0,0.0,R
PA_15,Pennsylvania,6,34.8,65.2,0.01,0.0,100.0,0.0,R
PA_16,Pennsylvania,5,46.7,53.3,0.0,21.4,78.6,0.0,R
PA_17,Pennsylvania,2,54.64,45.36,0.01,79.1,20.9,0.0,D
PA_18,Pennsylvania,1,89.96,10.04,0.0,100.0,0.0,0.0,D
RI_1,Rhode Island,1,64.49,35.51,0.0,99.7,0.3,0.0,D
RI_2,Rhode Island,1,64.56,35.43,0.0,99.8,0.2,0.0,D
SC_1,South Carolina,3,51.7,48.3,0.0,60.5,39.5,0.0,D
SC_2,South Carolina,6,44.8,55.19,0.01,12.9,87.1,0.0,R
SC_3,South Carolina,6,29.71,70.28,0.01,0.0,100.0,0.0,R
SC_4,South Carolina,6,34.63,65.37,0.01,0.0,100.0,0.0,R
SC_5,South Carolina,6,39.7,60.3,0.0,1.9,98.1,0.0,R
SC_6,South Carolina,1,69.73,30.26,0.01,100.0,0.0,0.0,D
SC_7,South Carolina,6,39.7,60.3,0.0,0.9,99.1,0.0,R
SD,South Dakota,6,34.75,65.24,0.01,0.1,99.9,0.0,R
TN_1,Tennessee,6,24.77,75.23,0.01,0.0,100.0,0.0,R
TN_2,Tennessee,6,34.92,65.07,0.01,0.1,99.9,0.0,R
TN_3,Tennessee,6,34.82,65.18,0.01,0.0,100.0,0.0,R
TN_4,Tennessee,6,34.87,65.13,0.0,0.2,99.8,0.0,R
TN_5,Tennessee,1,64.93,35.06,0.0,99.8,0.2,0.0,D
TN_6,Tennessee,6,29.66,70.34,0.0,0.0,100.0,0.0,R
TN_7,Tennessee,6,29.98,70.01,0.0,0.0,100.0,0.0,R
TN_8,Tennessee,6,29.72,70.27,0.0,0.0,100.0,0.0,R
TN_9,Tennessee,1,79.69,20.3,0.01,100.0,0.0,0.0,D
TX_1,Texas,6,24.71,75.29,0.0,0.0,100.0,0.0,R
TX_2,Texas,6,44.77,55.22,0.01,12.5,87.5,0.0,R
TX_3,Texas,6,44.19,55.81,0.01,9.4,90.6,0.0,R
TX_4,Texas,6,24.54,75.45,0.01,0.0,100.0,0.0,R
TX_5,Texas,6,34.74,65.26,0.0,0.1,99.9,0.0,R
TX_6,Texas,6,44.42,55.58,0.0,11.6,88.4,0.0,R
TX_7,Texas,2,54.67,45.32,0.01,79.1,20.9,0.0,D
TX_8,Texas,6,24.85,75.15,0.0,0.0,100.0,0.0,R
TX_9,Texas,1,89.71,10.28,0.01,100.0,0.0,0.0,D
TX_10,Texas,6,44.67,55.32,0.01,12.7,87.3,0.0,R
TX_11,Texas,6,19.85,80.14,0.0,0.0,100.0,0.0,R
TX_12,Texas,6,32.71,67.28,0.01,0.0,100.0,0.0,R
TX_13,Texas,6,19.76,80.23,0.0,0.0,100.0,0.0,R
TX_14,Texas,6,39.52,60.48,0.01,2.1,97.9,0.0,R
TX_15,Texas,1,59.64,40.35,0.0,96.8,3.2,0.0,D
TX_16,Texas,1,69.61,30.38,0.01,100.0,0.0,0.0,D
TX_17,Texas,6,39.68,60.31,0.01,1.5,98.5,0.0,R
TX_18,Texas,1,74.88,25.11,0.01,100.0,0.0,0.0,D
TX_19,Texas,6,24.52,75.48,0.01,0.0,100.0,0.0,R
TX_20,Texas,1,79.76,20.24,0.0,100.0,0.0,0.0,D
TX_21,Texas,6,44.59,55.41,0.0,10.0,90.0,0.0,R
TX_22,Texas,5,45.5,54.49,0.0,16.2,83.8,0.0,R
TX_23,Texas,4,47.82,52.18,0.01,29.7,70.3,0.0,R
TX_24,Texas,4,47.95,52.04,0.01,30.4,69.6,0.0,R
TX_25,Texas,6,43.87,56.13,0.01,8.5,91.5,0.0,R
TX_26,Texas,6,39.52,60.48,0.0,1.0,99.0,0.0,R
TX_27,Texas,6,39.83,60.17,0.01,1.4,98.6,0.0,R
TX_28,Texas,1,84.82,15.17,0.01,100.0,0.0,0.0,D
TX_29,Texas,1,74.57,25.43,0.01,100.0,0.0,0.0,D
TX_30,Texas,1,82.33,17.66,0.01,100.0,0.0,0.0,D
TX_31,Texas,5,46.55,53.45,0.01,21.3,78.7,0.0,R
TX_32,Texas,2,54.78,45.21,0.01,81.2,18.8,0.0,D
TX_33,Texas,1,74.82,25.18,0.0,100.0,0.0,0.0,D
TX_34,Texas,1,59.8,40.2,0.0,97.5,2.5,0.0,D
TX_35,Texas,1,69.78,30.22,0.0,100.0,0.0,0.0,D
TX_36,Texas,6,24.94,75.06,0.01,0.0,100.0,0.0,R
UT_1,Utah,6,34.65,65.35,0.01,0.1,99.9,0.0,R
UT_2,Utah,6,34.55,65.44,0.0,0.0,100.0,0.0,R
UT_3,Utah,6,34.58,65.42,0.0,0.2,99.8,0.0,R
UT_4,Utah,3,51.74,48.26,0.0,59.3,40.7,0.0,D
VT,Vermont,1,59.66,40.34,0.0,97.0,3.0,0.0,D
VA_1,Virginia,6,44.84,55.15,0.01,13.3,86.7,0.0,R
VA_2,Virginia,3,51.96,48.03,0.01,62.4,37.6,0.0,D
VA_3,Virginia,1,89.86,10.14,0.0,100.0,0.0,0.0,D
VA_4,Virginia,1,64.38,35.62,0.0,99.9,0.1,0.0,D
VA_5,Virginia,6,44.82,55.18,0.01,12.5,87.5,0.0,R
VA_6,Virginia,6,39.99,60.01,0.01,1.8,98.2,0.0,R
VA_7,Virginia,3,50.66,49.34,0.01,52.2,47.8,0.0,D
VA_8,Virginia,1,74.64,25.36,0.01,100.0,0.0,0.0,D
VA_9,Virginia,6,34.67,65.33,0.01,0.1,99.9,0.0,R
VA_10,Virginia,2,54.15,45.84,0.01,75.2,24.8,0.0,D
VA_11,Virginia,1,69.65,30.34,0.0,100.0,0.0,0.0,D
WA_1,Washington,1,59.41,40.58,0.0,97.4,2.6,0.0,D
WA_2,Washington,1,69.56,30.43,0.01,100.0,0.0,0.0,D
WA_3,Washington,5,46.64,53.35,0.01,21.5,78.5,0.0,R
WA_4,Washington,6,34.83,65.16,0.01,0.0,100.0,0.0,R
WA_5,Washington,6,44.43,55.57,0.01,11.7,88.3,0.0,R
WA_6,Washington,1,64.48,35.52,0.01,99.7,0.3,0.0,D
WA_7,Washington,1,84.81,15.18,0.0,100.0,0.0,0.0,D
WA_8,Washington,3,51.7,48.29,0.0,60.9,39.1,0.0,D
WA_9,Washington,1,64.65,35.34,0.0,99.8,0.2,0.0,D
WA_10,Washington,1,60.69,39.3,0.01,98.0,2.0,0.0,D
WV_1,West Virginia,6,34.64,65.35,0.01,0.0,100.0,0.0,R
WV_2,West Virginia,6,44.21,55.79,0.0,9.5,90.5,0.0,R
WV_3,West Virginia,6,44.77,55.23,0.0,11.8,88.2,0.0,R
WI_1,Wisconsin,6,44.71,55.28,0.0,12.6,87.4,0.0,R
WI_2,Wisconsin,1,89.78,10.22,0.01,100.0,0.0,0.0,D
WI_3,Wisconsin,1,59.66,40.34,0.01,97.1,2.9,0.0,D
WI_4,Wisconsin,1,74.67,25.33,0.01,100.0,0.0,0.0,D
WI_5,Wisconsin,6,34.5,65.5,0.0,0.0,100.0,0.0,R
WI_6,Wisconsin,6,44.8,55.19,0.01,13.9,86.1,0.0,R
WI_7,Wisconsin,6,39.94,60.06,0.0,1.5,98.5,0.0,R
WI_8,Wisconsin,6,34.57,65.42,0.01,0.0,100.0,0.0,R
WY,Wyoming,6,34.66,65.33,0.01,0.0,100.0,0.0,R
